{"train": {"loss": [0.45333398752293347, 0.2511717761724682, 0.20908217094207215, 0.18704169344598964, 0.16257985302452313, 0.1406106211371341, 0.12686725049200703, 0.10831501429616394, 0.08929081671571328, 0.07876153454437095, 0.059766731856359265, 0.05419813885779704, 0.044985092584422584, 0.0380802026839327, 0.03711490853200272, 0.029845454181560267, 0.02851742051415524, 0.019155359779626638, 0.020002335785509293, 0.02252890086551276, 0.02075207673439409, 0.01772651542372749, 0.011969045169604153, 0.015878469594438577, 0.016168204893878962, 0.013197495842794492, 0.015160415357105056, 0.016673058979765717, 0.012009898441354349, 0.009023481692874142, 0.008541565403239644, 0.011613112123548921, 0.011558515118371885, 0.011213558303267238, 0.010615664095740166, 0.013358834952360682, 0.009843931022845998, 0.0067974949619136905, 0.008349199758860346, 0.008640232992701832, 0.00820367379060757, 0.009053676495707388, 0.007809938798546081, 0.014058821622017865, 0.008040399362147644, 0.013871623059119082, 0.005939862052801507, 0.010630961601283023, 0.005452778244389111, 0.005152926674967048], "accuracy": [0.8365995762711864, 0.9072596663135594, 0.9224212129237288, 0.9303164724576272, 0.940159340026015, 0.948501501042964, 0.9527387891785574, 0.959762314618644, 0.9672161901401262, 0.971061749983642, 0.9779142393904218, 0.9807942711700828, 0.983249470338983, 0.9862564004073708, 0.9867695095175404, 0.9894343665090658, 0.9895226430084746, 0.9928606112124556, 0.9929819915254238, 0.9919999120599132, 0.9929102669327946, 0.9938592425847458, 0.9958896101531336, 0.994289592161017, 0.9942233845338984, 0.9952716721316516, 0.9951613262548284, 0.9942013156616082, 0.9960771980932204, 0.9969544491525424, 0.997119968220339, 0.9959889215938116, 0.9959723696870318, 0.996353063542964, 0.9961213368480488, 0.9950123590938116, 0.9969378972457628, 0.997848252118644, 0.9973516949152542, 0.9970537605932204, 0.9969985879073708, 0.9968882415254238, 0.997478593203981, 0.9954813294491526, 0.9973627298565234, 0.9956302966101694, 0.9981737732887268, 0.9964082362288136, 0.998295153601695, 0.9982620497881356]}, "validation": {"loss": [0.3733748570084572, 0.27205379828810694, 0.37234209179878236, 0.2279276169836521, 0.23943940550088882, 0.24458298310637475, 0.2525146909058094, 0.2138001263141632, 0.24186700731515884, 0.24370974972844123, 0.28422598019242284, 0.2675403989851475, 0.31689936146140096, 0.36053784415125845, 0.3049285918474197, 0.36784335374832156, 0.30448791310191153, 0.37241522669792176, 0.3431386411190033, 0.36457745134830477, 0.33684011846780776, 0.3477350577712059, 0.40778394788503647, 0.4097271725535393, 0.35119053050875665, 0.384603013843298, 0.3897250533103943, 0.4140524536371231, 0.3781822457909584, 0.3964651972055435, 0.42372494339942934, 0.39302725419402124, 0.4334364503622055, 0.3832663856446743, 0.44209024906158445, 0.38982507288455964, 0.41243102103471757, 0.4370448648929596, 0.43296463787555695, 0.4215585708618164, 0.44041171967983245, 0.5464983940124511, 0.4224725440144539, 0.41512212008237837, 0.44635587483644484, 0.4122739776968956, 0.45120814740657805, 0.4504242092370987, 0.4253630071878433, 0.432893368601799], "accuracy": [0.8632697612047195, 0.8951114445924759, 0.8756778508424758, 0.9174057900905609, 0.9134133726358413, 0.9090188413858413, 0.9173311114311218, 0.927516084909439, 0.9230238974094391, 0.9232192099094391, 0.9232019752264022, 0.9251608461141586, 0.9196403950452805, 0.9166762411594391, 0.9224839150905609, 0.9190314799547196, 0.9289464622735977, 0.9227309286594391, 0.9284064799547196, 0.9251608461141586, 0.9304974734783172, 0.9291877299547195, 0.9271024823188782, 0.92158203125, 0.9305319398641586, 0.92744140625, 0.92666015625, 0.9199333637952805, 0.9274873614311219, 0.9282743573188782, 0.9251953125, 0.9271369487047195, 0.9228860288858414, 0.9293198525905609, 0.9220186114311218, 0.9283318012952805, 0.9276252299547195, 0.9274069398641587, 0.9287798702716827, 0.9301298260688782, 0.9264418661594391, 0.9077263325452805, 0.9251838237047195, 0.9277573525905609, 0.9244485288858414, 0.9259880512952805, 0.9285041362047195, 0.9223862588405609, 0.9257927387952805, 0.9309225648641586]}}