{"train": {"loss": [0.14505642745643854, 0.06791441967991525, 0.059593653589163874, 0.034013547965423226, 0.02428920553214678, 0.018547523056569436, 0.017065661556414886, 0.016291388789974322, 0.014829107563406841, 0.01556501243705755, 0.014705785580476976, 0.015459055065594137, 0.014068980997356003, 0.013307610051451276, 0.012946082854252224, 0.013232132015945433, 0.013074638076938825, 0.011344981724268769, 0.010586107133772888, 0.009403348437905924]}, "validation": {"loss": [0.031849376518617974, 0.023283281160349195, 0.013472263447263023, 0.009392358929934827, 0.007052194466814399, 0.005771963031623851, 0.005022686025635763, 0.004453315082090822, 0.004047146143222397, 0.003677798629823056, 0.003386447752233256, 0.003169460749168965, 0.003103296869349751, 0.00375660813244229, 0.0032237004658037965, 0.0031527441926300524, 0.0026097921506417067, 0.002584617737342011, 0.0025714907308363104, 0.003170754957351495]}}