{"train": {"accuracy": [0.605110125521482, 0.831363656763303, 0.8653723077248718, 0.8832649189536854, 0.8964788580344896, 0.9032541048728814, 0.9092017568774142, 0.9148735434322034, 0.9195466986147024, 0.923508121805676, 0.9272709216101694, 0.930912341101695, 0.9347523834745762, 0.937251721398305, 0.9388572563559322, 0.9435524809158454, 0.9462890625, 0.947464247881356, 0.949009092682499, 0.9542781165090658], "loss": [1.0770356816760565, 0.4508881058733342, 0.3582255948903197, 0.3123188233476574, 0.2786726056266639, 0.2614912938768581, 0.24227347376488023, 0.22891505921291092, 0.2175160205717814, 0.20317043023089232, 0.19467948010917438, 0.18357809822438126, 0.17376254524214793, 0.16624066877668187, 0.16227920864850787, 0.15131041085568525, 0.144985115565991, 0.13888389307816149, 0.13350029314978648, 0.12135911284614417]}, "validation": {"accuracy": [0.7971737146377563, 0.8563361674547195, 0.86962890625, 0.8875287234783172, 0.9003274351358413, 0.8981617659330368, 0.9036937028169632, 0.9072208195924759, 0.9068474262952805, 0.9170496314764023, 0.9150620400905609, 0.9206399351358414, 0.9158949911594391, 0.9204676002264023, 0.9273207724094391, 0.9263901650905609, 0.9236040890216828, 0.9247529864311218, 0.9268784463405609, 0.9281996786594391], "loss": [0.5359698817133903, 0.3836218550801277, 0.3463164746761322, 0.2973261684179306, 0.27375233396887777, 0.28136188387870786, 0.26153324767947195, 0.2529026620090008, 0.25585879310965537, 0.23412779048085214, 0.23886188641190528, 0.22442295625805855, 0.23733692318201066, 0.22475911304354668, 0.21961338594555854, 0.21513144597411155, 0.217400923371315, 0.22469965144991874, 0.22195872887969018, 0.22071976363658904]}}