{"train": {"loss": [1.392545007020235, 0.36665442496538164, 0.2934846292436123, 0.2583315094560385, 0.23482601758092642, 0.21455376245081426, 0.2019137457385659, 0.189160461910069, 0.18092151168733836, 0.16690086230635642, 0.15969167109578847, 0.14979396119713784, 0.14502450708299874, 0.14111297093331815, 0.1303031664714217, 0.1204778864607215, 0.11327068170532584, 0.11209141820669175, 0.10562565721571446, 0.10029330490157008], "accuracy": [0.5765000132098794, 0.8657833516597748, 0.8931333568692207, 0.9059833565354347, 0.914700021147728, 0.9214000162482262, 0.9262833496928216, 0.930733349621296, 0.9338000169396401, 0.9387166851758957, 0.9408333519101143, 0.9452500230073929, 0.9465333592891693, 0.9484166905283928, 0.9527500295639038, 0.9565333625674248, 0.9582166987657547, 0.9585333636403084, 0.9613000321388244, 0.9637833634018897]}, "validation": {"loss": [0.42982349676244397, 0.31169240571120205, 0.2757004056783283, 0.2688126432545045, 0.2523018612581141, 0.24220798646702485, 0.23517286470707724, 0.23175830832299063, 0.23039806897149367, 0.241141218911199, 0.2486824261791566, 0.23933488064829042, 0.22587199070874384, 0.25277130349594, 0.26300755099338646, 0.24239392490947947, 0.25410308908013735, 0.23770087124670253, 0.25898509209646897, 0.2908812195939176], "accuracy": [0.8401960993514341, 0.8831372734378365, 0.9014706103240743, 0.9050980648573708, 0.9100000227198881, 0.9125490381437189, 0.913627473747029, 0.9150000232107499, 0.9174510047716253, 0.9174510012654697, 0.9191176663426792, 0.9208823722951552, 0.9214706105344436, 0.9183333498590133, 0.9200980593176449, 0.9229411921080422, 0.9219608043923098, 0.9202941375620225, 0.920882374048233, 0.9191176645896014]}}