{"train": {"loss": [1.70182812617997, 0.9019019553216837, 0.6900021246934341, 0.5108160959967112, 0.4758524061259577, 0.43967655250581644, 0.41147117670309746, 0.3917074248952381, 0.36489292221554254, 0.25779512802423055, 0.12909775366217402, 0.10961853049821772, 0.0823749384953309, 0.07914785639840667, 0.06510915678247052, 0.051414326622577035, 0.035490016516108634, 0.03168245120826414, 0.034811918655315695, 0.02617325923421373, 0.02062094004398559, 0.015148579928297864, 0.010841516225393547, 0.007801954348382177, 0.015054432785738323, 0.02957580363283218, 0.019384577077166256, 0.0131365991694758, 0.009643806424781175, 0.003408425368202882], "accuracy": [0.4093065857887268, 0.6648238877118644, 0.7539779750977532, 0.812141375521482, 0.8221828654661016, 0.8346243823988962, 0.8440148305084746, 0.8501831747717776, 0.8599046610169492, 0.9095658988265668, 0.9572684941655498, 0.9642644332627118, 0.974559719279661, 0.9742617849576272, 0.9794149454367362, 0.9840329274282618, 0.9897212658898306, 0.9906040344197872, 0.9896440238265668, 0.991966808246354, 0.9944440767926684, 0.9960275423728814, 0.9974013506355932, 0.9983392923565234, 0.9957296080508474, 0.9903226520045328, 0.994090969279661, 0.9960882330344896, 0.9973351430084746, 0.9997020656779662]}, "validation": {"loss": [1.0886830151081086, 0.8990704447031022, 0.6143721848726272, 0.5912965059280395, 0.5314626693725586, 0.5503196313977241, 0.5745690450072288, 0.542386794090271, 0.5164787173271179, 0.3645866736769676, 0.412213122844696, 0.305780041962862, 0.3775722473859787, 0.33287826701998713, 0.36124219596385954, 0.3355624683201313, 0.34014681428670884, 0.3657535806298256, 0.3624991990625858, 0.46270749866962435, 0.3789313264191151, 0.38866092413663866, 0.3786262020468712, 0.4086933821439743, 0.4005108028650284, 0.4022996336221695, 0.4263490907847881, 0.4274871602654457, 0.41246540620923045, 0.4092960819602013], "accuracy": [0.6098115801811218, 0.6569106161594391, 0.780543428659439, 0.7862074911594391, 0.8034466922283172, 0.7938361674547195, 0.7909926474094391, 0.8030790448188782, 0.8126838237047196, 0.8812557458877563, 0.8770450383424759, 0.9032456338405609, 0.8886661320924759, 0.903050321340561, 0.8998506426811218, 0.9066119015216827, 0.9111443012952805, 0.9085822612047195, 0.9097541362047196, 0.8966164976358414, 0.9096909463405609, 0.9103860288858414, 0.9122931987047196, 0.9100930601358413, 0.9100471049547195, 0.9060891538858413, 0.9039636939764023, 0.9062844663858414, 0.91162109375, 0.9134248614311218]}}